{
  "artifacts": [],
  "command": "my_main",
  "experiment": {
    "base_dir": "/home/guzechen/wqmix-master/src",
    "dependencies": [
      "munch==2.3.2",
      "numpy==1.23.1",
      "PyYAML==3.13",
      "sacred==0.7.2",
      "torch==2.0.0"
    ],
    "mainfile": "main.py",
    "name": "pymarl",
    "repositories": [],
    "sources": [
      [
        "main.py",
        "_sources/main_08cbd926bc0c701d497bcabb99b00c6f.py"
      ],
      [
        "run.py",
        "_sources/run_16e6e06134a59d7f17354eed38e82501.py"
      ],
      [
        "utils/__init__.py",
        "_sources/__init___d41d8cd98f00b204e9800998ecf8427e.py"
      ],
      [
        "utils/logging.py",
        "_sources/logging_60ca53cfc5e31dac508f9d45ea4f21bc.py"
      ]
    ]
  },
  "heartbeat": "2025-10-16T14:56:03.484838",
  "host": {
    "ENV": {},
    "cpu": "AMD EPYC 7763 64-Core Processor",
    "gpus": {
      "driver_version": "550.90.07",
      "gpus": [
        {
          "model": "NVIDIA GeForce RTX 3090",
          "persistence_mode": false,
          "total_memory": 24576
        },
        {
          "model": "NVIDIA GeForce RTX 3090",
          "persistence_mode": false,
          "total_memory": 24576
        },
        {
          "model": "NVIDIA GeForce RTX 3090",
          "persistence_mode": false,
          "total_memory": 24576
        },
        {
          "model": "NVIDIA GeForce RTX 3090",
          "persistence_mode": false,
          "total_memory": 24576
        },
        {
          "model": "NVIDIA GeForce RTX 3090",
          "persistence_mode": false,
          "total_memory": 24576
        },
        {
          "model": "NVIDIA GeForce RTX 3090",
          "persistence_mode": false,
          "total_memory": 24576
        },
        {
          "model": "NVIDIA GeForce RTX 3090",
          "persistence_mode": false,
          "total_memory": 24576
        },
        {
          "model": "NVIDIA GeForce RTX 3090",
          "persistence_mode": false,
          "total_memory": 24576
        }
      ]
    },
    "hostname": "node104",
    "os": [
      "Linux",
      "Linux-5.4.0-150-generic-x86_64-with-glibc2.10"
    ],
    "python_version": "3.8.0"
  },
  "meta": {
    "command": "my_main",
    "options": {
      "--beat_interval": null,
      "--capture": null,
      "--comment": null,
      "--debug": false,
      "--enforce_clean": false,
      "--file_storage": null,
      "--force": false,
      "--help": false,
      "--loglevel": null,
      "--mongo_db": null,
      "--name": null,
      "--pdb": false,
      "--print_config": false,
      "--priority": null,
      "--queue": false,
      "--sql": null,
      "--tiny_db": null,
      "--unobserved": false,
      "COMMAND": null,
      "UPDATE": [
        "env_args.map_name=3m"
      ],
      "help": false,
      "with": true
    }
  },
  "resources": [],
  "result": null,
  "start_time": "2025-10-16T10:16:12.444436",
  "status": "RUNNING"
}