{
  "agent_norm": [
    0.4933078203298315
  ],
  "agent_norm_T": [
    737
  ],
  "battle_won_mean": [
    0.0
  ],
  "battle_won_mean_T": [
    192
  ],
  "central_loss": [
    0.10121237486600876
  ],
  "central_loss_T": [
    737
  ],
  "dead_allies_mean": [
    6.0
  ],
  "dead_allies_mean_T": [
    192
  ],
  "dead_enemies_mean": [
    0.125
  ],
  "dead_enemies_mean_T": [
    192
  ],
  "ep_length_mean": [
    24.0
  ],
  "ep_length_mean_T": [
    192
  ],
  "epsilon": [
    1.0
  ],
  "epsilon_T": [
    192
  ],
  "grad_norm": [
    2.361772060394287
  ],
  "grad_norm_T": [
    737
  ],
  "loss": [
    0.21299433708190918
  ],
  "loss_T": [
    737
  ],
  "mixer_norm": [
    1.6727247425579643
  ],
  "mixer_norm_T": [
    737
  ],
  "q_taken_mean": [
    -0.016159922005848773
  ],
  "q_taken_mean_T": [
    737
  ],
  "qmix_loss": [
    0.11178196221590042
  ],
  "qmix_loss_T": [
    737
  ],
  "return_mean": [
    {
      "dtype": "float64",
      "py/object": "numpy.float64",
      "value": 5.639358108108107
    }
  ],
  "return_mean_T": [
    192
  ],
  "return_std": [
    {
      "dtype": "float64",
      "py/object": "numpy.float64",
      "value": 0.1870581597076732
    }
  ],
  "return_std_T": [
    192
  ],
  "target_mean": [
    0.019530490856265546
  ],
  "target_mean_T": [
    737
  ],
  "td_error_abs": [
    0.26694230761586246
  ],
  "td_error_abs_T": [
    737
  ],
  "test_battle_won_mean": [
    0.0
  ],
  "test_battle_won_mean_T": [
    192
  ],
  "test_dead_allies_mean": [
    6.0
  ],
  "test_dead_allies_mean_T": [
    192
  ],
  "test_dead_enemies_mean": [
    2.0
  ],
  "test_dead_enemies_mean_T": [
    192
  ],
  "test_ep_length_mean": [
    22.59375
  ],
  "test_ep_length_mean_T": [
    192
  ],
  "test_return_mean": [
    {
      "dtype": "float64",
      "py/object": "numpy.float64",
      "value": 4.329391891891892
    }
  ],
  "test_return_mean_T": [
    192
  ],
  "test_return_std": [
    {
      "dtype": "float64",
      "py/object": "numpy.float64",
      "value": 0.028215022108935926
    }
  ],
  "test_return_std_T": [
    192
  ],
  "w_to_use": [
    0.7155047655105591
  ],
  "w_to_use_T": [
    737
  ]
}