{
  "artifacts": [],
  "command": "my_main",
  "experiment": {
    "base_dir": "/home/guzechen/wqmix-master/src",
    "dependencies": [
      "munch==2.3.2",
      "numpy==1.23.1",
      "PyYAML==3.13",
      "sacred==0.7.2",
      "torch==2.0.0"
    ],
    "mainfile": "main.py",
    "name": "pymarl",
    "repositories": [],
    "sources": [
      [
        "main.py",
        "_sources/main_08cbd926bc0c701d497bcabb99b00c6f.py"
      ],
      [
        "run.py",
        "_sources/run_16e6e06134a59d7f17354eed38e82501.py"
      ],
      [
        "utils/__init__.py",
        "_sources/__init___d41d8cd98f00b204e9800998ecf8427e.py"
      ],
      [
        "utils/logging.py",
        "_sources/logging_60ca53cfc5e31dac508f9d45ea4f21bc.py"
      ]
    ]
  },
  "fail_trace": [
    "Traceback (most recent call last):\n",
    "  File \"/home/guzechen/miniconda3/envs/smac/lib/python3.8/site-packages/sacred/config/captured_function.py\", line 48, in captured_function\n    result = wrapped(*args, **kwargs)\n",
    "  File \"src/main.py\", line 35, in my_main\n    run(_run, config, _log)\n",
    "  File \"/home/guzechen/wqmix-master/src/run.py\", line 50, in run\n    run_sequential(args=args, logger=logger)\n",
    "  File \"/home/guzechen/wqmix-master/src/run.py\", line 218, in run_sequential\n    logger.print_recent_stats()\n",
    "  File \"/home/guzechen/wqmix-master/src/utils/logging.py\", line 50, in print_recent_stats\n    item = \"{:.4f}\".format(np.mean([x[1] for x in self.stats[k][-window:]]))\n",
    "  File \"<__array_function__ internals>\", line 180, in mean\n",
    "  File \"/home/guzechen/miniconda3/envs/smac/lib/python3.8/site-packages/numpy/core/fromnumeric.py\", line 3432, in mean\n    return _methods._mean(a, axis=axis, dtype=dtype,\n",
    "  File \"/home/guzechen/miniconda3/envs/smac/lib/python3.8/site-packages/numpy/core/_methods.py\", line 164, in _mean\n    arr = asanyarray(a)\n",
    "  File \"/home/guzechen/miniconda3/envs/smac/lib/python3.8/site-packages/torch/_tensor.py\", line 970, in __array__\n    return self.numpy()\n",
    "TypeError: can't convert cuda:0 device type tensor to numpy. Use Tensor.cpu() to copy the tensor to host memory first.\n"
  ],
  "heartbeat": "2025-10-16T10:02:02.065881",
  "host": {
    "ENV": {},
    "cpu": "AMD EPYC 7763 64-Core Processor",
    "gpus": {
      "driver_version": "550.90.07",
      "gpus": [
        {
          "model": "NVIDIA GeForce RTX 3090",
          "persistence_mode": false,
          "total_memory": 24576
        },
        {
          "model": "NVIDIA GeForce RTX 3090",
          "persistence_mode": false,
          "total_memory": 24576
        },
        {
          "model": "NVIDIA GeForce RTX 3090",
          "persistence_mode": false,
          "total_memory": 24576
        },
        {
          "model": "NVIDIA GeForce RTX 3090",
          "persistence_mode": false,
          "total_memory": 24576
        },
        {
          "model": "NVIDIA GeForce RTX 3090",
          "persistence_mode": false,
          "total_memory": 24576
        },
        {
          "model": "NVIDIA GeForce RTX 3090",
          "persistence_mode": false,
          "total_memory": 24576
        },
        {
          "model": "NVIDIA GeForce RTX 3090",
          "persistence_mode": false,
          "total_memory": 24576
        },
        {
          "model": "NVIDIA GeForce RTX 3090",
          "persistence_mode": false,
          "total_memory": 24576
        }
      ]
    },
    "hostname": "node104",
    "os": [
      "Linux",
      "Linux-5.4.0-150-generic-x86_64-with-glibc2.10"
    ],
    "python_version": "3.8.0"
  },
  "meta": {
    "command": "my_main",
    "options": {
      "--beat_interval": null,
      "--capture": null,
      "--comment": null,
      "--debug": false,
      "--enforce_clean": false,
      "--file_storage": null,
      "--force": false,
      "--help": false,
      "--loglevel": null,
      "--mongo_db": null,
      "--name": null,
      "--pdb": false,
      "--print_config": false,
      "--priority": null,
      "--queue": false,
      "--sql": null,
      "--tiny_db": null,
      "--unobserved": false,
      "COMMAND": null,
      "UPDATE": [
        "env_args.map_name=2s3z"
      ],
      "help": false,
      "with": true
    }
  },
  "resources": [],
  "result": null,
  "start_time": "2025-10-16T10:01:52.058880",
  "status": "FAILED",
  "stop_time": "2025-10-16T10:02:37.795906"
}