{
  "artifacts": [],
  "command": "my_main",
  "experiment": {
    "base_dir": "/home/guzechen/wqmix-master/src",
    "dependencies": [
      "munch==2.3.2",
      "numpy==1.23.1",
      "PyYAML==3.13",
      "sacred==0.7.2",
      "torch==2.0.0"
    ],
    "mainfile": "main.py",
    "name": "pymarl",
    "repositories": [],
    "sources": [
      [
        "main.py",
        "_sources/main_08cbd926bc0c701d497bcabb99b00c6f.py"
      ],
      [
        "run.py",
        "_sources/run_16e6e06134a59d7f17354eed38e82501.py"
      ],
      [
        "utils/__init__.py",
        "_sources/__init___d41d8cd98f00b204e9800998ecf8427e.py"
      ],
      [
        "utils/logging.py",
        "_sources/logging_60ca53cfc5e31dac508f9d45ea4f21bc.py"
      ]
    ]
  },
  "fail_trace": [
    "Traceback (most recent call last):\n",
    "  File \"/home/guzechen/miniconda3/envs/smac/lib/python3.8/site-packages/sacred/config/captured_function.py\", line 48, in captured_function\n    result = wrapped(*args, **kwargs)\n",
    "  File \"src/main.py\", line 35, in my_main\n    run(_run, config, _log)\n",
    "  File \"/home/guzechen/wqmix-master/src/run.py\", line 50, in run\n    run_sequential(args=args, logger=logger)\n",
    "  File \"/home/guzechen/wqmix-master/src/run.py\", line 174, in run_sequential\n    episode_batch = runner.run(test_mode=False)\n",
    "  File \"/home/guzechen/wqmix-master/src/runners/episode_runner.py\", line 53, in run\n    self.reset()\n",
    "  File \"/home/guzechen/wqmix-master/src/runners/episode_runner.py\", line 49, in reset\n    self.env.reset()\n",
    "  File \"/home/guzechen/smac-master/smac/env/starcraft2/starcraft2.py\", line 403, in reset\n    self._launch()\n",
    "  File \"/home/guzechen/smac-master/smac/env/starcraft2/starcraft2.py\", line 323, in _launch\n    self._sc2_proc = self._run_config.start(\n",
    "  File \"/home/guzechen/miniconda3/envs/smac/lib/python3.8/site-packages/pysc2/run_configs/platforms.py\", line 204, in start\n    return super(Linux, self).start(\n",
    "  File \"/home/guzechen/miniconda3/envs/smac/lib/python3.8/site-packages/pysc2/run_configs/platforms.py\", line 87, in start\n    return sc_process.StarcraftProcess(\n",
    "  File \"/home/guzechen/miniconda3/envs/smac/lib/python3.8/site-packages/pysc2/lib/sc_process.py\", line 135, in __init__\n    logging.info(\"Launching SC2: %s\", \" \".join(args))\n",
    "  File \"/home/guzechen/miniconda3/envs/smac/lib/python3.8/site-packages/absl/logging/__init__.py\", line 329, in info\n    log(INFO, msg, *args, **kwargs)\n",
    "  File \"/home/guzechen/miniconda3/envs/smac/lib/python3.8/site-packages/absl/logging/__init__.py\", line 470, in log\n    _absl_logger.log(standard_level, msg, *args, **kwargs)\n",
    "  File \"/home/guzechen/miniconda3/envs/smac/lib/python3.8/site-packages/absl/logging/__init__.py\", line 1007, in log\n    super(ABSLLogger, self).log(level, msg, *args, **kwargs)\n",
    "  File \"/home/guzechen/miniconda3/envs/smac/lib/python3.8/logging/__init__.py\", line 1500, in log\n    self._log(level, msg, args, **kwargs)\n",
    "  File \"/home/guzechen/miniconda3/envs/smac/lib/python3.8/logging/__init__.py\", line 1565, in _log\n    fn, lno, func, sinfo = self.findCaller(stack_info, stacklevel)\n",
    "TypeError: findCaller() takes from 1 to 2 positional arguments but 3 were given\n"
  ],
  "heartbeat": "2025-10-16T09:51:35.363216",
  "host": {
    "ENV": {},
    "cpu": "AMD EPYC 7763 64-Core Processor",
    "gpus": {
      "driver_version": "550.90.07",
      "gpus": [
        {
          "model": "NVIDIA GeForce RTX 3090",
          "persistence_mode": false,
          "total_memory": 24576
        },
        {
          "model": "NVIDIA GeForce RTX 3090",
          "persistence_mode": false,
          "total_memory": 24576
        },
        {
          "model": "NVIDIA GeForce RTX 3090",
          "persistence_mode": false,
          "total_memory": 24576
        },
        {
          "model": "NVIDIA GeForce RTX 3090",
          "persistence_mode": false,
          "total_memory": 24576
        },
        {
          "model": "NVIDIA GeForce RTX 3090",
          "persistence_mode": false,
          "total_memory": 24576
        },
        {
          "model": "NVIDIA GeForce RTX 3090",
          "persistence_mode": false,
          "total_memory": 24576
        },
        {
          "model": "NVIDIA GeForce RTX 3090",
          "persistence_mode": false,
          "total_memory": 24576
        },
        {
          "model": "NVIDIA GeForce RTX 3090",
          "persistence_mode": false,
          "total_memory": 24576
        }
      ]
    },
    "hostname": "node104",
    "os": [
      "Linux",
      "Linux-5.4.0-150-generic-x86_64-with-glibc2.10"
    ],
    "python_version": "3.8.0"
  },
  "meta": {
    "command": "my_main",
    "options": {
      "--beat_interval": null,
      "--capture": null,
      "--comment": null,
      "--debug": false,
      "--enforce_clean": false,
      "--file_storage": null,
      "--force": false,
      "--help": false,
      "--loglevel": null,
      "--mongo_db": null,
      "--name": null,
      "--pdb": false,
      "--print_config": false,
      "--priority": null,
      "--queue": false,
      "--sql": null,
      "--tiny_db": null,
      "--unobserved": false,
      "COMMAND": null,
      "UPDATE": [
        "env_args.map_name=2s3z"
      ],
      "help": false,
      "with": true
    }
  },
  "resources": [],
  "result": null,
  "start_time": "2025-10-16T09:51:34.625309",
  "status": "FAILED",
  "stop_time": "2025-10-16T09:51:35.364957"
}