{
  "battle_won_mean": [
    0.0
  ],
  "battle_won_mean_T": [
    287
  ],
  "dead_allies_mean": [
    6.0
  ],
  "dead_allies_mean_T": [
    287
  ],
  "dead_enemies_mean": [
    0.75
  ],
  "dead_enemies_mean_T": [
    287
  ],
  "ep_length_mean": [
    35.875
  ],
  "ep_length_mean_T": [
    287
  ],
  "epsilon": [
    1.0
  ],
  "epsilon_T": [
    287
  ],
  "return_mean": [
    {
      "dtype": "float64",
      "py/object": "numpy.float64",
      "value": 3.3082780838012695
    }
  ],
  "return_mean_T": [
    287
  ],
  "return_std": [
    {
      "dtype": "float64",
      "py/object": "numpy.float64",
      "value": 0.5302268202545037
    }
  ],
  "return_std_T": [
    287
  ]
}