{
  "advantage_mean": [
    0.0011720828760683148
  ],
  "advantage_mean_T": [
    1122
  ],
  "agent_grad_norm": [
    0.00022407904907595366
  ],
  "agent_grad_norm_T": [
    1122
  ],
  "battle_won_mean": [
    0.0
  ],
  "battle_won_mean_T": [
    280
  ],
  "coma_loss": [
    0.003110016928985715
  ],
  "coma_loss_T": [
    1122
  ],
  "critic_grad_norm": [
    1.8500767997824228
  ],
  "critic_grad_norm_T": [
    1122
  ],
  "critic_loss": [
    0.3487307325853274
  ],
  "critic_loss_T": [
    1122
  ],
  "dead_allies_mean": [
    6.0
  ],
  "dead_allies_mean_T": [
    280
  ],
  "dead_enemies_mean": [
    1.375
  ],
  "dead_enemies_mean_T": [
    280
  ],
  "ep_length_mean": [
    35.0
  ],
  "ep_length_mean_T": [
    280
  ],
  "epsilon": [
    1.0
  ],
  "epsilon_T": [
    280
  ],
  "pi_max": [
    0.21245518286031267
  ],
  "pi_max_T": [
    1122
  ],
  "q_taken_mean": [
    1.2945904045708747
  ],
  "q_taken_mean_T": [
    1122
  ],
  "return_mean": [
    {
      "dtype": "float64",
      "py/object": "numpy.float64",
      "value": 3.5521459579467773
    }
  ],
  "return_mean_T": [
    280
  ],
  "return_std": [
    {
      "dtype": "float64",
      "py/object": "numpy.float64",
      "value": 0.536014215106339
    }
  ],
  "return_std_T": [
    280
  ],
  "target_mean": [
    1.3925605909113996
  ],
  "target_mean_T": [
    1122
  ],
  "td_error_abs": [
    0.44133740595233956
  ],
  "td_error_abs_T": [
    1122
  ],
  "test_battle_won_mean": [
    0.0
  ],
  "test_battle_won_mean_T": [
    280
  ],
  "test_dead_allies_mean": [
    6.0
  ],
  "test_dead_allies_mean_T": [
    280
  ],
  "test_dead_enemies_mean": [
    2.65625
  ],
  "test_dead_enemies_mean_T": [
    280
  ],
  "test_ep_length_mean": [
    49.21875
  ],
  "test_ep_length_mean_T": [
    280
  ],
  "test_return_mean": [
    {
      "dtype": "float64",
      "py/object": "numpy.float64",
      "value": 2.0164105892181396
    }
  ],
  "test_return_mean_T": [
    280
  ],
  "test_return_std": [
    {
      "dtype": "float64",
      "py/object": "numpy.float64",
      "value": 1.088634973218344
    }
  ],
  "test_return_std_T": [
    280
  ]
}