{
  "artifacts": [],
  "command": "my_main",
  "experiment": {
    "base_dir": "/data1/user/guzechen/wqmix-master/src",
    "dependencies": [
      "numpy==1.23.1",
      "PyYAML==3.13",
      "sacred==0.8.7",
      "torch==2.0.0"
    ],
    "mainfile": "main.py",
    "name": "pymarl",
    "repositories": [],
    "sources": [
      [
        "main.py",
        "_sources/main_08cbd926bc0c701d497bcabb99b00c6f.py"
      ],
      [
        "run.py",
        "_sources/run_b2260d84196c580a39a9a170fdd73441.py"
      ],
      [
        "utils/__init__.py",
        "_sources/__init___d41d8cd98f00b204e9800998ecf8427e.py"
      ],
      [
        "utils/logging.py",
        "_sources/logging_60ca53cfc5e31dac508f9d45ea4f21bc.py"
      ]
    ]
  },
  "fail_trace": [
    "Traceback (most recent call last):\n",
    "  File \"/data1/user/guzechen/miniconda3/envs/smac/lib/python3.8/site-packages/sacred/config/captured_function.py\", line 42, in captured_function\n    result = wrapped(*args, **kwargs)\n",
    "  File \"/data1/user/guzechen/wqmix-master/src/main.py\", line 35, in my_main\n    run(_run, config, _log)\n",
    "  File \"/data1/user/guzechen/wqmix-master/src/run.py\", line 50, in run\n    run_sequential(args=args, logger=logger)\n",
    "  File \"/data1/user/guzechen/wqmix-master/src/run.py\", line 188, in run_sequential\n    learner.train(episode_sample, runner.t_env, episode)\n",
    "  File \"/data1/user/guzechen/wqmix-master/src/learners/coma_learner.py\", line 49, in train\n    q_vals, critic_train_stats = self._train_critic(batch, rewards, terminated, actions, avail_actions,\n",
    "  File \"/data1/user/guzechen/wqmix-master/src/learners/coma_learner.py\", line 104, in _train_critic\n    target_q_vals = self.target_critic(batch)[:, :]\n",
    "  File \"/data1/user/guzechen/miniconda3/envs/smac/lib/python3.8/site-packages/torch/nn/modules/module.py\", line 1501, in _call_impl\n    return forward_call(*args, **kwargs)\n",
    "  File \"/data1/user/guzechen/wqmix-master/src/modules/critics/coma.py\", line 30, in forward\n    inputs = self._build_inputs(batch, t=t)\n",
    "  File \"/data1/user/guzechen/wqmix-master/src/modules/critics/coma.py\", line 68, in _build_inputs\n    last_actions = th.cat([th.zeros_like(batch[\"actions_onehot\"][:, 0:1]), batch[\"actions_onehot\"][:, :-1]], dim=1)\n",
    "torch.cuda.OutOfMemoryError: CUDA out of memory. Tried to allocate 20.00 MiB (GPU 0; 23.53 GiB total capacity; 316.78 MiB already allocated; 27.75 MiB free; 338.00 MiB reserved in total by PyTorch) If reserved memory is >> allocated memory try setting max_split_size_mb to avoid fragmentation.  See documentation for Memory Management and PYTORCH_CUDA_ALLOC_CONF\n"
  ],
  "heartbeat": "2025-11-16T02:00:33.898906",
  "host": {
    "ENV": {},
    "cpu": "AMD EPYC 7763 64-Core Processor",
    "gpus": {
      "driver_version": "570.172.08",
      "gpus": [
        {
          "model": "NVIDIA GeForce RTX 4090",
          "persistence_mode": false,
          "total_memory": 24564
        },
        {
          "model": "NVIDIA GeForce RTX 4090",
          "persistence_mode": false,
          "total_memory": 24564
        },
        {
          "model": "NVIDIA GeForce RTX 4090",
          "persistence_mode": false,
          "total_memory": 24564
        },
        {
          "model": "NVIDIA GeForce RTX 4090",
          "persistence_mode": false,
          "total_memory": 24564
        },
        {
          "model": "NVIDIA GeForce RTX 4090",
          "persistence_mode": false,
          "total_memory": 24564
        },
        {
          "model": "NVIDIA GeForce RTX 4090",
          "persistence_mode": false,
          "total_memory": 24564
        },
        {
          "model": "NVIDIA GeForce RTX 4090",
          "persistence_mode": false,
          "total_memory": 24564
        },
        {
          "model": "NVIDIA GeForce RTX 4090",
          "persistence_mode": false,
          "total_memory": 24564
        }
      ]
    },
    "hostname": "amax",
    "os": [
      "Linux",
      "Linux-5.15.0-139-generic-x86_64-with-glibc2.17"
    ],
    "python_version": "3.8.13"
  },
  "meta": {
    "command": "my_main",
    "config_updates": {
      "batch_size_run": 8,
      "env_args": {
        "map_name": "corridor"
      },
      "name": "coma_smac_corridor_seed3",
      "runner": "parallel",
      "seed": 3,
      "use_cuda": true,
      "use_tensorboard": true
    },
    "named_configs": [],
    "options": {
      "--beat-interval": null,
      "--capture": null,
      "--comment": null,
      "--debug": false,
      "--enforce_clean": false,
      "--file_storage": null,
      "--force": false,
      "--help": false,
      "--id": null,
      "--loglevel": null,
      "--mongo_db": null,
      "--name": null,
      "--pdb": false,
      "--print-config": false,
      "--priority": null,
      "--queue": false,
      "--s3": null,
      "--sql": null,
      "--tiny_db": null,
      "--unobserved": false,
      "COMMAND": null,
      "UPDATE": [
        "env_args.map_name=corridor",
        "seed=3",
        "runner=parallel",
        "batch_size_run=8",
        "use_cuda=True",
        "use_tensorboard=True",
        "name=coma_smac_corridor_seed3"
      ],
      "help": false,
      "with": true
    }
  },
  "resources": [],
  "result": null,
  "start_time": "2025-11-16T01:55:55.255852",
  "status": "FAILED",
  "stop_time": "2025-11-16T02:00:33.901816"
}