{
  "battle_won_mean": [
    0.0
  ],
  "battle_won_mean_T": [
    290
  ],
  "dead_allies_mean": [
    6.0
  ],
  "dead_allies_mean_T": [
    290
  ],
  "dead_enemies_mean": [
    0.875
  ],
  "dead_enemies_mean_T": [
    290
  ],
  "ep_length_mean": [
    36.25
  ],
  "ep_length_mean_T": [
    290
  ],
  "epsilon": [
    1.0
  ],
  "epsilon_T": [
    290
  ],
  "return_mean": [
    {
      "dtype": "float64",
      "py/object": "numpy.float64",
      "value": 3.1488237380981445
    }
  ],
  "return_mean_T": [
    290
  ],
  "return_std": [
    {
      "dtype": "float64",
      "py/object": "numpy.float64",
      "value": 0.7531161701899863
    }
  ],
  "return_std_T": [
    290
  ]
}