{
  "agent_norm": [
    0.42498713985936953
  ],
  "agent_norm_T": [
    1571
  ],
  "battle_won_mean": [
    0.0,
    0.0
  ],
  "battle_won_mean_T": [
    52,
    2054
  ],
  "central_loss": [
    0.028681933879852295
  ],
  "central_loss_T": [
    1571
  ],
  "dead_allies_mean": [
    5.0,
    5.0
  ],
  "dead_allies_mean_T": [
    52,
    2054
  ],
  "dead_enemies_mean": [
    0.0,
    0.0
  ],
  "dead_enemies_mean_T": [
    52,
    2054
  ],
  "ep_length_mean": [
    52.0,
    50.05
  ],
  "ep_length_mean_T": [
    52,
    2054
  ],
  "episode": [
    40
  ],
  "episode_T": [
    2000
  ],
  "epsilon": [
    1.0,
    0.962
  ],
  "epsilon_T": [
    52,
    2054
  ],
  "grad_norm": [
    1.47610604763031
  ],
  "grad_norm_T": [
    1571
  ],
  "loss": [
    0.08846931159496307
  ],
  "loss_T": [
    1571
  ],
  "mixer_norm": [
    1.2996955050255252
  ],
  "mixer_norm_T": [
    1571
  ],
  "q_taken_mean": [
    -0.018564194376342696
  ],
  "q_taken_mean_T": [
    1571
  ],
  "qmix_loss": [
    0.05978737771511078
  ],
  "qmix_loss_T": [
    1571
  ],
  "return_mean": [
    4.8431372549019605,
    4.045220588235294
  ],
  "return_mean_T": [
    52,
    2054
  ],
  "return_std": [
    0.0,
    0.8982563844867688
  ],
  "return_std_T": [
    52,
    2054
  ],
  "target_mean": [
    0.011458620184322288
  ],
  "target_mean_T": [
    1571
  ],
  "td_error_abs": [
    0.1910400390625
  ],
  "td_error_abs_T": [
    1571
  ],
  "test_battle_won_mean": [
    0.0
  ],
  "test_battle_won_mean_T": [
    52
  ],
  "test_dead_allies_mean": [
    4.53125
  ],
  "test_dead_allies_mean_T": [
    52
  ],
  "test_dead_enemies_mean": [
    1.0
  ],
  "test_dead_enemies_mean_T": [
    52
  ],
  "test_ep_length_mean": [
    77.125
  ],
  "test_ep_length_mean_T": [
    52
  ],
  "test_return_mean": [
    6.172104779411763
  ],
  "test_return_mean_T": [
    52
  ],
  "test_return_std": [
    1.058632336809556
  ],
  "test_return_std_T": [
    52
  ],
  "w_to_use": [
    0.6578893065452576
  ],
  "w_to_use_T": [
    1571
  ]
}