{
  "artifacts": [],
  "command": "my_main",
  "experiment": {
    "base_dir": "/data1/user/guzechen/wqmix-master/src",
    "dependencies": [
      "numpy==1.23.1",
      "PyYAML==3.13",
      "sacred==0.8.7",
      "torch==2.0.0"
    ],
    "mainfile": "main.py",
    "name": "pymarl",
    "repositories": [],
    "sources": [
      [
        "main.py",
        "_sources/main_08cbd926bc0c701d497bcabb99b00c6f.py"
      ],
      [
        "run.py",
        "_sources/run_b2260d84196c580a39a9a170fdd73441.py"
      ],
      [
        "utils/__init__.py",
        "_sources/__init___d41d8cd98f00b204e9800998ecf8427e.py"
      ],
      [
        "utils/logging.py",
        "_sources/logging_60ca53cfc5e31dac508f9d45ea4f21bc.py"
      ]
    ]
  },
  "fail_trace": [
    "Traceback (most recent call last):\n",
    "  File \"/data1/user/guzechen/miniconda3/envs/smac/lib/python3.8/site-packages/sacred/config/captured_function.py\", line 42, in captured_function\n    result = wrapped(*args, **kwargs)\n",
    "  File \"/data1/user/guzechen/wqmix-master/src/main.py\", line 35, in my_main\n    run(_run, config, _log)\n",
    "  File \"/data1/user/guzechen/wqmix-master/src/run.py\", line 50, in run\n    run_sequential(args=args, logger=logger)\n",
    "  File \"/data1/user/guzechen/wqmix-master/src/run.py\", line 218, in run_sequential\n    logger.print_recent_stats()\n",
    "  File \"/data1/user/guzechen/wqmix-master/src/utils/logging.py\", line 50, in print_recent_stats\n    item = \"{:.4f}\".format(np.mean([x[1] for x in self.stats[k][-window:]]))\n",
    "  File \"<__array_function__ internals>\", line 180, in mean\n",
    "  File \"/data1/user/guzechen/miniconda3/envs/smac/lib/python3.8/site-packages/numpy/core/fromnumeric.py\", line 3432, in mean\n    return _methods._mean(a, axis=axis, dtype=dtype,\n",
    "  File \"/data1/user/guzechen/miniconda3/envs/smac/lib/python3.8/site-packages/numpy/core/_methods.py\", line 164, in _mean\n    arr = asanyarray(a)\n",
    "  File \"/data1/user/guzechen/miniconda3/envs/smac/lib/python3.8/site-packages/torch/_tensor.py\", line 970, in __array__\n    return self.numpy()\n",
    "TypeError: can't convert cuda:0 device type tensor to numpy. Use Tensor.cpu() to copy the tensor to host memory first.\n"
  ],
  "heartbeat": "2025-11-06T02:54:49.005056",
  "host": {
    "ENV": {},
    "cpu": "AMD EPYC 7763 64-Core Processor",
    "gpus": {
      "driver_version": "570.172.08",
      "gpus": [
        {
          "model": "NVIDIA GeForce RTX 4090",
          "persistence_mode": false,
          "total_memory": 24564
        },
        {
          "model": "NVIDIA GeForce RTX 4090",
          "persistence_mode": false,
          "total_memory": 24564
        },
        {
          "model": "NVIDIA GeForce RTX 4090",
          "persistence_mode": false,
          "total_memory": 24564
        },
        {
          "model": "NVIDIA GeForce RTX 4090",
          "persistence_mode": false,
          "total_memory": 24564
        },
        {
          "model": "NVIDIA GeForce RTX 4090",
          "persistence_mode": false,
          "total_memory": 24564
        },
        {
          "model": "NVIDIA GeForce RTX 4090",
          "persistence_mode": false,
          "total_memory": 24564
        },
        {
          "model": "NVIDIA GeForce RTX 4090",
          "persistence_mode": false,
          "total_memory": 24564
        },
        {
          "model": "NVIDIA GeForce RTX 4090",
          "persistence_mode": false,
          "total_memory": 24564
        }
      ]
    },
    "hostname": "amax",
    "os": [
      "Linux",
      "Linux-5.15.0-139-generic-x86_64-with-glibc2.17"
    ],
    "python_version": "3.8.13"
  },
  "meta": {
    "command": "my_main",
    "config_updates": {
      "batch_size_run": 8,
      "env_args": {
        "map_name": "10m_vs_11m"
      },
      "name": "coma_smac_10m_vs_11m_seed3",
      "runner": "parallel",
      "seed": 3,
      "use_cuda": true,
      "use_tensorboard": true
    },
    "named_configs": [],
    "options": {
      "--beat-interval": null,
      "--capture": null,
      "--comment": null,
      "--debug": false,
      "--enforce_clean": false,
      "--file_storage": null,
      "--force": false,
      "--help": false,
      "--id": null,
      "--loglevel": null,
      "--mongo_db": null,
      "--name": null,
      "--pdb": false,
      "--print-config": false,
      "--priority": null,
      "--queue": false,
      "--s3": null,
      "--sql": null,
      "--tiny_db": null,
      "--unobserved": false,
      "COMMAND": null,
      "UPDATE": [
        "env_args.map_name=10m_vs_11m",
        "seed=3",
        "runner=parallel",
        "batch_size_run=8",
        "use_cuda=True",
        "use_tensorboard=True",
        "name=coma_smac_10m_vs_11m_seed3"
      ],
      "help": false,
      "with": true
    }
  },
  "resources": [],
  "result": null,
  "start_time": "2025-11-06T02:50:07.796713",
  "status": "FAILED",
  "stop_time": "2025-11-06T02:54:49.010713"
}