{
  "artifacts": [],
  "command": "my_main",
  "experiment": {
    "base_dir": "/hard_data/user/guzechen/wqmix-master/src",
    "dependencies": [
      "numpy==1.23.1",
      "PyYAML==3.13",
      "sacred==0.8.7",
      "torch==2.0.0"
    ],
    "mainfile": "main.py",
    "name": "pymarl",
    "repositories": [],
    "sources": [
      [
        "main.py",
        "_sources/main_08cbd926bc0c701d497bcabb99b00c6f.py"
      ],
      [
        "run.py",
        "_sources/run_b2260d84196c580a39a9a170fdd73441.py"
      ],
      [
        "utils/__init__.py",
        "_sources/__init___d41d8cd98f00b204e9800998ecf8427e.py"
      ],
      [
        "utils/logging.py",
        "_sources/logging_60ca53cfc5e31dac508f9d45ea4f21bc.py"
      ]
    ]
  },
  "heartbeat": "2025-10-31T09:11:37.341564",
  "host": {
    "ENV": {},
    "cpu": "AMD EPYC 7763 64-Core Processor",
    "gpus": {
      "driver_version": "570.190",
      "gpus": [
        {
          "model": "NVIDIA GeForce RTX 4090",
          "persistence_mode": false,
          "total_memory": 24564
        },
        {
          "model": "NVIDIA GeForce RTX 4090",
          "persistence_mode": false,
          "total_memory": 24564
        },
        {
          "model": "NVIDIA GeForce RTX 4090",
          "persistence_mode": false,
          "total_memory": 24564
        },
        {
          "model": "NVIDIA GeForce RTX 4090",
          "persistence_mode": false,
          "total_memory": 24564
        },
        {
          "model": "NVIDIA GeForce RTX 4090",
          "persistence_mode": false,
          "total_memory": 24564
        },
        {
          "model": "NVIDIA GeForce RTX 4090",
          "persistence_mode": false,
          "total_memory": 24564
        },
        {
          "model": "NVIDIA GeForce RTX 4090",
          "persistence_mode": false,
          "total_memory": 24564
        },
        {
          "model": "NVIDIA GeForce RTX 4090",
          "persistence_mode": false,
          "total_memory": 24564
        }
      ]
    },
    "hostname": "amax",
    "os": [
      "Linux",
      "Linux-5.15.0-70-generic-x86_64-with-glibc2.17"
    ],
    "python_version": "3.8.13"
  },
  "meta": {
    "command": "my_main",
    "config_updates": {
      "batch_size_run": 8,
      "env_args": {
        "map_name": "6h_vs_8z"
      },
      "label": "",
      "runner": "parallel",
      "seed": 6,
      "use_cuda": true
    },
    "named_configs": [],
    "options": {
      "--beat-interval": null,
      "--capture": null,
      "--comment": null,
      "--debug": false,
      "--enforce_clean": false,
      "--file_storage": null,
      "--force": false,
      "--help": false,
      "--id": null,
      "--loglevel": null,
      "--mongo_db": null,
      "--name": null,
      "--pdb": false,
      "--print-config": false,
      "--priority": null,
      "--queue": false,
      "--s3": null,
      "--sql": null,
      "--tiny_db": null,
      "--unobserved": false,
      "COMMAND": null,
      "UPDATE": [
        "env_args.map_name=6h_vs_8z",
        "seed=6",
        "runner=parallel",
        "batch_size_run=8",
        "use_cuda=True",
        "label="
      ],
      "help": false,
      "with": true
    }
  },
  "resources": [],
  "result": null,
  "start_time": "2025-10-31T08:38:05.066620",
  "status": "RUNNING"
}