{
  "artifacts": [],
  "command": "my_main",
  "experiment": {
    "base_dir": "/hard_data/user/guzechen/wqmix-master/src",
    "dependencies": [
      "numpy==1.23.1",
      "PyYAML==3.13",
      "sacred==0.8.7",
      "torch==2.0.0"
    ],
    "mainfile": "main.py",
    "name": "pymarl",
    "repositories": [],
    "sources": [
      [
        "main.py",
        "_sources/main_08cbd926bc0c701d497bcabb99b00c6f.py"
      ],
      [
        "run.py",
        "_sources/run_b2260d84196c580a39a9a170fdd73441.py"
      ],
      [
        "utils/__init__.py",
        "_sources/__init___d41d8cd98f00b204e9800998ecf8427e.py"
      ],
      [
        "utils/logging.py",
        "_sources/logging_60ca53cfc5e31dac508f9d45ea4f21bc.py"
      ]
    ]
  },
  "fail_trace": [
    "Traceback (most recent call last):\n",
    "  File \"/hard_data/user/guzechen/miniconda3/envs/smac/lib/python3.8/site-packages/sacred/config/captured_function.py\", line 42, in captured_function\n    result = wrapped(*args, **kwargs)\n",
    "  File \"/hard_data/user/guzechen/wqmix-master/src/main.py\", line 35, in my_main\n    run(_run, config, _log)\n",
    "  File \"/hard_data/user/guzechen/wqmix-master/src/run.py\", line 50, in run\n    run_sequential(args=args, logger=logger)\n",
    "  File \"/hard_data/user/guzechen/wqmix-master/src/run.py\", line 111, in run_sequential\n    buffer = ReplayBuffer(scheme, groups, args.buffer_size, env_info[\"episode_limit\"] + 1,\n",
    "  File \"/hard_data/user/guzechen/wqmix-master/src/components/episode_buffer.py\", line 208, in __init__\n    super(ReplayBuffer, self).__init__(scheme, groups, buffer_size, max_seq_length, preprocess=preprocess, device=device)\n",
    "  File \"/hard_data/user/guzechen/wqmix-master/src/components/episode_buffer.py\", line 28, in __init__\n    self._setup_data(self.scheme, self.groups, batch_size, max_seq_length, self.preprocess)\n",
    "  File \"/hard_data/user/guzechen/wqmix-master/src/components/episode_buffer.py\", line 75, in _setup_data\n    self.data.transition_data[field_key] = th.zeros((batch_size, max_seq_length, *shape), dtype=dtype, device=self.device)\n",
    "torch.cuda.OutOfMemoryError: CUDA out of memory. Tried to allocate 2.88 GiB (GPU 0; 23.53 GiB total capacity; 622.10 MiB already allocated; 1.44 GiB free; 624.00 MiB reserved in total by PyTorch) If reserved memory is >> allocated memory try setting max_split_size_mb to avoid fragmentation.  See documentation for Memory Management and PYTORCH_CUDA_ALLOC_CONF\n"
  ],
  "heartbeat": "2025-10-31T08:31:00.987288",
  "host": {
    "ENV": {},
    "cpu": "AMD EPYC 7763 64-Core Processor",
    "gpus": {
      "driver_version": "570.190",
      "gpus": [
        {
          "model": "NVIDIA GeForce RTX 4090",
          "persistence_mode": false,
          "total_memory": 24564
        },
        {
          "model": "NVIDIA GeForce RTX 4090",
          "persistence_mode": false,
          "total_memory": 24564
        },
        {
          "model": "NVIDIA GeForce RTX 4090",
          "persistence_mode": false,
          "total_memory": 24564
        },
        {
          "model": "NVIDIA GeForce RTX 4090",
          "persistence_mode": false,
          "total_memory": 24564
        },
        {
          "model": "NVIDIA GeForce RTX 4090",
          "persistence_mode": false,
          "total_memory": 24564
        },
        {
          "model": "NVIDIA GeForce RTX 4090",
          "persistence_mode": false,
          "total_memory": 24564
        },
        {
          "model": "NVIDIA GeForce RTX 4090",
          "persistence_mode": false,
          "total_memory": 24564
        },
        {
          "model": "NVIDIA GeForce RTX 4090",
          "persistence_mode": false,
          "total_memory": 24564
        }
      ]
    },
    "hostname": "amax",
    "os": [
      "Linux",
      "Linux-5.15.0-70-generic-x86_64-with-glibc2.17"
    ],
    "python_version": "3.8.13"
  },
  "meta": {
    "command": "my_main",
    "config_updates": {
      "env_args": {
        "map_name": "3s5z"
      }
    },
    "named_configs": [],
    "options": {
      "--beat-interval": null,
      "--capture": null,
      "--comment": null,
      "--debug": false,
      "--enforce_clean": false,
      "--file_storage": null,
      "--force": false,
      "--help": false,
      "--id": null,
      "--loglevel": null,
      "--mongo_db": null,
      "--name": null,
      "--pdb": false,
      "--print-config": false,
      "--priority": null,
      "--queue": false,
      "--s3": null,
      "--sql": null,
      "--tiny_db": null,
      "--unobserved": false,
      "COMMAND": null,
      "UPDATE": [
        "env_args.map_name=3s5z"
      ],
      "help": false,
      "with": true
    }
  },
  "resources": [],
  "result": null,
  "start_time": "2025-10-31T08:30:59.889755",
  "status": "FAILED",
  "stop_time": "2025-10-31T08:31:00.988515"
}